{"accuracy": 0.85, "roc_auc": 0.9072681704260651, "cv_mean": 0.79, "cv_std": 0.07176350047203663, "fpr": [0.0, 0.0, 0.0, 0.047619047619047616, 0.047619047619047616, 0.09523809523809523, 0.09523809523809523, 0.23809523809523808, 0.23809523809523808, 0.2857142857142857, 0.2857142857142857, 1.0, 1.0], "tpr": [0.0, 0.05263157894736842, 0.6842105263157895, 0.6842105263157895, 0.7368421052631579, 0.7368421052631579, 0.8421052631578947, 0.8421052631578947, 0.8947368421052632, 0.8947368421052632, 0.9473684210526315, 0.9473684210526315, 1.0], "confusion": [[19, 2], [4, 15]], "report": {"0": {"precision": 0.8260869565217391, "recall": 0.9047619047619048, "f1-score": 0.8636363636363636, "support": 21.0}, "1": {"precision": 0.8823529411764706, "recall": 0.7894736842105263, "f1-score": 0.8333333333333334, "support": 19.0}, "accuracy": 0.85, "macro avg": {"precision": 0.8542199488491049, "recall": 0.8471177944862156, "f1-score": 0.8484848484848485, "support": 40.0}, "weighted avg": {"precision": 0.8528132992327366, "recall": 0.85, "f1-score": 0.8492424242424242, "support": 40.0}}, "stable_count": 97, "unstable_count": 103, "total": 200, "feature_importance": [0.0056738408548298695, 0.22581601398083406, 0.2592340117022206, 0.16082772645377966, 0.06258256425133804, 0.002884900345221214, 0.0020327501329965468, 0.026416514287012922, 0.032705931689121365, 0.013022471882209083, 0.20746143580892015, 0.0013418386115164498], "feature_names": ["n_atoms", "formation_energy_eV", "homo_lumo_gap_eV", "binding_energy_eV", "coord_number_avg", "is_planar", "magnetic_moment_bohr", "ionization_potential_eV", "electron_affinity_eV", "n_valence_electrons", "energy_above_lowest_eV", "is_gold"]}